was_rejected,mean,median,count
False,10.581369805553933,8.044305555555555,5709
True,16.062753506360785,8.62574074074074,1051
