resource,mean,count
SYSTEM,85.14293177450928,6187
STAFF MEMBER,57.43587203603603,23125
